module,average_attendance
DatenSich,101.66666666666667
Datenbank,101.66666666666667
PGI,121.66666666666667
Prog1,73.33333333333333
Prog3,0.0
